Days,SC50,SC60,SC65
0,0,0,0
1,0,0,0
2,0,0,0
3,0,0,0
4,0,0,0
5,0,0,0
6,0,0,0
7,0,0,0
8,0,0,0
9,0,0,0
10,0,0,0
11,0,0,0
12,0,0,0
13,0,0,0
14,0,0,0
15,0,0,0
16,0,0,0
17,0,0,0
18,0,0,0
19,0,0,0
20,0,0,0
21,0,0,0
22,0,0,0
23,0,0,0
24,0,0,0
25,0,0,0
26,0,0,0
27,0,0,0
28,0,0,0
29,0,0,0
30,0,0,0
31,0,0,0
32,0,0,0
33,0,0,0
34,0,0,0
35,0,0,0
36,0,0,0
37,0,0,0
38,0,0,0
39,0,0,0
40,0,0,0
41,0,0,0
42,0,0,0
43,0,0,0
44,0,0,0
45,0,0,0
46,0,0,0
47,0,0,0
48,0,0,0
49,0,0,0
50,0,0,0
51,0,0,0
52,0,0,0
53,0,0,0
54,0,0,0
55,0,0,0
56,0,0,0
57,0,0,0
58,0,0,0
59,0,0,0
60,0,0,0
61,0,0,0
62,0,0,0
63,0,0,0
64,0,0,0
65,0,0,0
66,0,0,0
67,0,0,0
68,0,0,0
69,0,0,0
70,0,0,0
71,0,0,0
72,0,0,0
73,0,0,0
74,0,0,0
75,0,0,0
76,0,0,0
77,0,0,0
78,0,0,0
79,0,0,0
80,0,0,0
81,0,0,0
82,0,0,0
83,0,0,0
84,0,0,0
85,0,0,0
86,0,0,0
87,0,0,0
88,0,0,0
89,0,0,0
90,0,0,0
91,0,0,0
92,0,0,0
93,0,0,0
94,0,0,0
95,0,0,0
96,0,0,0
97,0,0,0
98,0,0,0
99,0,0,0
100,0,0,0
101,0,0,0
102,0,0,0
103,0,0,0
104,0,0,0
105,0,0,0
106,0,0,0
107,0,0,0
108,0,0,0
109,0,0,0
110,0,0,0
111,0,0,0
112,0,0,0
113,0,0,0
114,0,0,0
115,0,0,0
116,0,0,0
117,0,0,0
118,0,0,0
119,0,0,0
120,0,0,0
121,0,0,0
122,0,0,0
123,0,0,0
124,0,0,0
125,0,0,0
126,0,0,0
127,0,0,0
128,0,0,0
129,0,0,0
130,0,0,0
131,0,0,0
132,0,0,0
133,0,0,0
134,0,0,0
135,0,0,0
136,0,0,0
137,0,0,0
138,0,0,0
139,0,0,0
140,0,0,0
141,0,0,0
142,0,0,0
143,0,0,0
144,0,0,0
145,0,0,0
146,0,0,0
147,0,0,0
148,0,0,0
149,0,0,0
150,0,0,0
151,0,0,0
152,0,0,0
153,0,0,0
154,0,0,0
155,0,0,0
156,0,0,0
157,0,0,0
158,0,0,0
159,0,0,0
160,0,0,0
161,0,0,0
162,0,0,0
163,0,0,0
164,0,0,0
165,0,0,0
166,0,0,0
167,0,0,0
168,0,0,0
169,0,0,0
170,0,0,0
171,0,0,0
172,0,0,0
173,0,0,0
174,0,0,0
175,0,0,0
176,0,0,0
177,0,0,0
178,0,0,0
179,0,0,0
180,0,0,0
181,0,0,0
182,0,0,0
183,0,0,0
184,0,0,0
185,0,0,0
186,0,0,0
187,0,0,0
188,0,0,0
189,0,0,0
190,0,0,0
191,0,0,0
192,0,0,0
193,0,0,0
194,0,0,0
195,0,0,0
196,0,0,0
197,0,0,0
198,0,0,0
199,0,0,0
200,0,0,0
201,0,0,0
202,0,0,0
203,0,0,0
204,0,0,0
205,0,0,0
206,0,0,0
207,0,0,0
208,0,0,0
209,0,0,0
210,0,0,0
211,0,0,0
212,0,0,0
213,0,0,0
214,0,0,0
215,0,0,0
216,0,0,0
217,0,0,0
218,0,0,0
219,0,0,0
220,0,0,0
221,0,0,0
222,0,0,0
223,0,0,0
224,0,0,0
225,0,0,0
226,0,0,0
227,0,0,0
228,0,0,0
229,0,0,0
230,0,0,0
231,0,0,0
232,0,0,0
233,0,0,0
234,0,0,0
235,0,0,0
236,0,0,0
237,0,0,0
238,0,0,0
239,0,0,0
240,0,0,0
241,0,0,0
242,0,0,0
243,0,0,0
244,0,0,0
245,0,0,0
246,0,0,0
247,0,0,0
248,0,0,0
249,0,0,0
250,0,0,0
251,0,0,0
252,0,0,0
253,0,0,0
254,0,0,0
255,0,0,0
256,0,0,0
257,0,0,0
258,0,0,0
259,0,0,0
260,0,0,0
261,0,0,0
262,0,0,0
263,0,0,0
264,0,0,0
265,0,0,0
266,0,0,0
267,0,0,0
268,0,0,0
269,0,0,0
270,0,0,0
271,0,0,0
272,0,0,0
273,0,0,0
274,0,0,0
275,0,0,0
276,0,0,0
277,0,0,0
278,0,0,0
279,0,0,0
280,0,0,0
281,0,0,0
282,0,0,0
283,0,0,0
284,0,0,0
285,0,0,0
286,0,0,0
287,0,0,0
288,0,0,0
289,0,0,0
290,0,0,0
291,0,0,0
292,0,0,0
293,0,0,0
294,0,0,0
295,0,0,0
296,0,0,0
297,0,0,0
298,0,0,0
299,0,0,0
300,0,0,0
301,0,0,0
302,0,0,0
303,0,0,0
304,0,0,0
305,0,0,0
306,0,0,0
307,0,0,0
308,0,0,0
309,0,0,0
310,0,0,0
311,0,0,0
312,0,0,0
313,0,0,0
314,0,0,0
315,0,0,0
316,0,0,0
317,0,0,0
318,0,0,0
319,0,0,0
320,0,0,0
321,0,0,0
322,0,0,0
323,0,0,0
324,0,0,0
325,0,0,0
326,0,0,0
327,0,0,0
328,0,0,0
329,0,0,0
330,0,0,0
331,0,0,0
332,0,0,0
333,0,0,0
334,0,0,0
335,0,0,0
336,0,0,0
337,0,0,0
338,0,0,0
339,0,0,0
340,0,0,0
341,0,0,0
342,0,0,0
343,0,0,0
344,0,0,0
345,0,0,0
346,0,0,0
347,0,0,0
348,0,0,0
349,0,0,0
350,0,0,0
351,0,0,0
352,0,0,0
353,0,0,0
354,0,0,0
355,0,0,0
356,0,0,0
357,0,0,0
358,0,0,0
359,0,0,0
360,0,0,0
361,0,0,0
362,0,0,0
363,0,0,0
364,0,0,0
365,0,0,0
366,0,0,0
367,0,0,0
368,0,0,0
369,0,0,0
370,0,0,0
371,0,0,0
372,0,0,0
373,0,0,0
374,0,0,0
375,0,0,0
376,0,0,0
377,0,0,0
378,0,0,0
379,0,0,0
380,0,0,0
381,0,0,0
382,0,0,0
383,0,0,0
384,0,0,0
385,0,0,0
386,0,0,0
387,0,0,0
388,0,0,0
389,0,0,0
390,0,0,0
391,0,0,0
392,0,0,0
393,0,0,0
394,0,0,0
395,0,0,0
396,0,0,0
397,0,0,0
398,0,0,0
399,0,0,0
400,0,0,0
401,0,0,0
402,0,0,0
403,0,0,0
404,0,0,0
405,0,0,0
406,0,0,0
407,0,0,0
408,0,0,0
409,0,0,0
410,0,0,0
411,0,0,0
412,0,0,0
413,0,0,0
414,0,0,0
415,0,0,0
416,0,0,0
417,0,0,0
418,0,0,0
419,0,0,0
420,0,0,0
421,0,0,0
422,0,0,0
423,0,0,0
424,0,0,0
425,0,0,0
426,0,0,0
427,0,0,0
428,0,0,0
429,0,0,0
430,0,0,0
431,0,0,0
432,0,0,0
433,0,0,0
434,0,0,0
435,0,0,0
436,0,0,0
437,0,0,0
438,0,0,0
439,0,0,0
440,0,0,0
441,0,0,0
442,0,0,0
443,0,0,0
444,0,0,0
445,0,0,0
446,0,0,0
447,0,0,0
448,0,0,0
449,0,0,0
450,0,0,0
451,0,0,0
452,0,0,0
453,0,0,0
454,0,0,0
455,0,0,0
456,0,0,0
457,0,0,0
458,0,0,0
459,0,0,0
460,0,0,0
461,0,0,0
462,0,0,0
463,0,0,0
464,0,0,0
465,0,0,0
466,0,0,0
467,0,0,0
468,0,0,0
469,0,0,0
470,0,0,0
471,0,0,0
472,0,0,0
473,0,0,0
474,0,0,0
475,0,0,0
476,0,0,0
477,0,0,0
478,0,0,0
479,0,0,0
480,0,0,0
481,0,0,0
482,0,0,0
483,0,0,0
484,0,0,0
485,0,0,0
486,0,0,0
487,0,0,0
488,0,0,0
489,0,0,0
490,0,0,0
491,0,0,0
492,0,0,0
493,0,0,0
494,0,0,0
495,0,0,0
496,0,0,0
497,0,0,0
498,0,0,0
499,0,0,0
500,0,0,0
501,0,0,0
502,0,0,0
503,0,0,0
504,0,0,0
505,0,0,0
506,0,0,0
507,0,0,0
508,0,0,0
509,0,0,0
510,0,0,0
511,0,0,0
512,0,0,0
513,0,0,0
514,0,0,0
515,0,0,0
516,0,0,0
517,0,0,0
518,0,0,0
519,0,0,0
520,0,0,0
521,0,0,0
522,0,0,0
523,0,0,0
524,0,0,0
525,0,0,0
526,0,0,0
527,0,0,0
528,0,0,0
529,0,0,0
530,0,0,0
531,0,0,0
532,0,0,0
533,0,0,0
534,0,0,0
535,0,0,0
536,0,0,0
537,0,0,0
538,0,0,0
539,0,0,0
540,0,0,0
541,0,0,0
542,0,0,0
543,0,0,0
544,0,0,0
545,0,0,0
546,0,0,0
547,0,0,0
548,0,0,0
549,0,0,0
550,0,0,0
551,0,0,0
552,0,0,0
553,0,0,0
554,0,0,0
555,0,0,0
556,0,0,0
557,0,0,0
558,0,0,0
559,0,0,0
560,0,0,0
561,0,0,0
562,0,0,0
563,0,0,0
564,0,0,0
565,0,0,0
566,0,0,0
567,0,0,0
568,0,0,0
569,0,0,0
570,0,0,0
571,0,0,0
572,0,0,0
573,0,0,0
574,0,0,0
575,0,0,0
576,0,0,0
577,0,0,0
578,0,0,0
579,0,0,0
580,0,0,0
581,0,0,0
582,0,0,0
583,0,0,0
584,0,0,0
585,0,0,0
586,0,0,0
587,0,0,0
588,0,0,0
589,0,0,0
590,0,0,0
591,0,0,0
592,0,0,0
593,0,0,0
594,0,0,0
595,0,0,0
596,0,0,0
597,0,0,0
598,0,0,0
599,0,0,0
600,0,0,0
601,0,0,0
602,0,0,0
603,0,0,0
604,0,0,0
605,0,0,0
606,0,0,0
607,0,0,0
608,0,0,0
609,0,0,0
610,0,0,0
611,0,0,0
612,0,0,0
613,0,0,0
614,0,0,0
615,0,0,0
616,0,0,0
617,0,0,0
618,0,0,0
619,0,0,0
620,0,0,0
621,0,0,0
622,0,0,0
623,0,0,0
624,0,0,0
625,0,0,0
626,0,0,0
627,0,0,0
628,0,0,0
629,0,0,0
630,0,0,0
631,0,0,0
632,0,0,0
633,0,0,0
634,0,0,0
635,0,0,0
636,0,0,0
637,0,0,0
638,0,0,0
639,0,0,0
640,0,0,0
641,0,0,0
642,0,0,0
643,0,0,0
644,0,0,0
645,0,0,0
646,0,0,0
647,0,0,0
648,0,0,0
649,0,0,0
650,0,0,0
651,0,0,0
652,0,0,0
653,0,0,0
654,0,0,0
655,0,0,0
656,0,0,0
657,0,0,0
658,0,0,0
659,0,0,0
660,0,0,0
661,0,0,0
662,0,0,0
663,0,0,0
664,0,0,0
665,0,0,0
666,0,0,0
667,0,0,0
668,0,0,0
669,0,0,0
670,0,0,0
671,0,0,0
672,0,0,0
673,0,0,0
674,0,0,0
675,0,0,0
676,0,0,0
677,0,0,0
678,0,0,0
679,0,0,0
680,0,0,0
681,0,0,0
682,0,0,0
683,0,0,0
684,0,0,0
685,0,0,0
686,0,0,0
687,0,0,0
688,0,0,0
689,0,0,0
690,0,0,0
691,0,0,0
692,0,0,0
693,0,0,0
694,0,0,0
695,0,0,0
696,0,0,0
697,0,0,0
698,0,0,0
699,0,0,0
700,0,0,0
701,0,0,0
702,0,0,0
703,0,0,0
704,0,0,0
705,0,0,0
706,0,0,0
707,0,0,0
708,0,0,0
709,0,0,0
710,0,0,0
711,0,0,0
712,0,0,0
713,0,0,0
714,0,0,0
715,0,0,0
716,0,0,0
717,0,0,0
718,0,0,0
719,0,0,0
720,0,0,0
721,0,0,0
722,0,0,0
723,0,0,0
724,0,0,0
725,0,0,0
726,0,0,0
727,0,0,0
728,0,0,0
729,0,0,0
730,0,0,0
731,0,0,0
732,0,0,0
733,0,0,0
734,0,0,0
735,0,0,0
736,0,0,0
737,0,0,0
738,0,0,0
739,0,0,0
740,0,0,0
741,0,0,0
742,0,0,0
743,0,0,0
744,0,0,0
745,0,0,0
746,0,0,0
747,0,0,0
748,0,0,0
749,0,0,0
750,0,0,0
751,0,0,0
752,0,0,0
753,0,0,0
754,0,0,0
755,0,0,0
756,0,0,0
757,0,0,0
758,0,0,0
759,0,0,0
760,0,0,0
761,0,0,0
762,0,0,0
763,0,0,0
764,0,0,0
765,0,0,0
766,0,0,0
767,0,0,0
768,0,0,0
769,0,0,0
770,0,0,0
771,0,0,0
772,0,0,0
773,0,0,0
774,0,0,0
775,0,0,0
776,0,0,0
777,0,0,0
778,0,0,0
779,0,0,0
780,0,0,0
781,0,0,0
782,0,0,0
783,0,0,0
784,0,0,0
785,0,0,0
786,0,0,0
787,0,0,0
788,0,0,0
789,0,0,0
790,0,0,0
791,0,0,0
792,0,0,0
793,0,0,0
794,0,0,0
795,0,0,0
796,0,0,0
797,0,0,0
798,0,0,0
799,0,0,0
800,0,0,0
801,0,0,0
802,0,0,0
803,0,0,0
804,0,0,0
805,0,0,0
806,0,0,0
807,0,0,0
808,0,0,0
809,0,0,0
810,0,0,0
811,0,0,0
812,0,0,0
813,0,0,0
814,0,0,0
815,0,0,0
816,0,0,0
817,0,0,0
818,0,0,0
819,0,0,0
820,0,0,0
821,0,0,0
822,0,0,0
823,0,0,0
824,0,0,0
825,0,0,0
826,0,0,0
827,0,0,0
828,0,0,0
829,0,0,0
830,0,0,0
831,0,0,0
832,0,0,0
833,0,0,0
834,0,0,0
835,0,0,0
836,0,0,0
837,0,0,0
838,0,0,0
839,0,0,0
840,0,0,0
841,0,0,0
842,0,0,0
843,0,0,0
844,0,0,0
845,0,0,0
846,0,0,0
847,0,0,0
848,0,0,0
849,0,0,0
850,0,0,0
851,0,0,0
852,0,0,0
853,0,0,0
854,0,0,0
855,0,0,0
856,0,0,0
857,0,0,0
858,0,0,0
859,0,0,0
860,0,0,0
861,0,0,0
862,0,0,0
863,0,0,0
864,0,0,0
865,0,0,0
866,0,0,0
867,0,0,0
868,0,0,0
869,0,0,0
870,0,0,0
871,0,0,0
872,0,0,0
873,0,0,0
874,0,0,0
875,0,0,0
876,0,0,0
877,0,0,0
878,0,0,0
879,0,0,0
880,0,0,0
881,0,0,0
882,0,0,0
883,0,0,0
884,0,0,0
885,0,0,0
886,0,0,0
887,0,0,0
888,0,0,0
889,0,0,0
890,0,0,0
891,0,0,0
892,0,0,0
893,0,0,0
894,0,0,0
895,0,0,0
896,0,0,0
897,0,0,0
898,0,0,0
899,0,0,0
900,0,0,0
901,0,0,0
902,0,0,0
903,0,0,0
904,0,0,0
905,0,0,0
906,0,0,0
907,0,0,0
908,0,0,0
909,0,0,0
910,0,0,0
911,0,0,0
912,0,0,0
913,0,0,0
914,0,0,0
915,0,0,0
916,0,0,0
917,0,0,0
918,0,0,0
919,0,0,0
920,0,0,0
921,0,0,0
922,0,0,0
923,0,0,0
924,0,0,0
925,0,0,0
926,0,0,0
927,0,0,0
928,0,0,0
929,0,0,0
930,0,0,0
931,0,0,0
932,0,0,0
933,0,0,0
934,0,0,0
935,0,0,0
936,0,0,0
937,0,0,0
938,0,0,0
939,0,0,0
940,0,0,0
941,0,0,0
942,0,0,0
943,0,0,0
944,0,0,0
945,0,0,0
946,0,0,0
947,0,0,0
948,0,0,0
949,0,0,0
950,0,0,0
951,0,0,0
952,0,0,0
953,0,0,0
954,0,0,0
955,0,0,0
956,0,0,0
957,0,0,0
958,0,0,0
959,0,0,0
960,0,0,0
961,0,0,0
962,0,0,0
963,0,0,0
964,0,0,0
965,0,0,0
966,0,0,0
967,0,0,0
968,0,0,0
969,0,0,0
970,0,0,0
971,0,0,0
972,0,0,0
973,0,0,0
974,0,0,0
975,0,0,0
976,0,0,0
977,0,0,0
978,0,0,0
979,0,0,0
980,0,0,0
981,0,0,0
982,0,0,0
983,0,0,0
984,0,0,0
985,0,0,0
986,0,0,0
987,0,0,0
988,0,0,0
989,0,0,0
990,0,0,0
991,0,0,0
992,0,0,0
993,0,0,0
994,0,0,0
995,0,0,0
996,0,0,0
997,0,0,0
998,0,0,0
999,0,0,0
1000,0,0,0
1001,0,0,0
1002,0,0,0
1003,0,0,0
1004,0,0,0
1005,0,0,0
1006,0,0,0
1007,0,0,0
1008,0,0,0
1009,0,0,0
1010,0,0,0
1011,0,0,0
1012,0,0,0
1013,0,0,0
1014,0,0,0
1015,0,0,0
1016,0,0,0
1017,0,0,0
1018,0,0,0
1019,0,0,0
1020,0,0,0
1021,0,0,0
1022,0,0,0
1023,0,0,0
1024,0,0,0
1025,0,0,0
1026,0,0,0
1027,0,0,0
1028,0,0,0
1029,0,0,0
1030,0,0,0
1031,0,0,0
1032,0,0,0
1033,0,0,0
1034,0,0,0
1035,0,0,0
1036,0,0,0
1037,0,0,0
1038,0,0,0
1039,0,0,0
1040,0,0,0
1041,0,0,0
1042,0,0,0
1043,0,0,0
1044,0,0,0
1045,0,0,0
1046,0,0,0
1047,0,0,0
1048,0,0,0
1049,0,0,0
1050,0,0,0
1051,0,0,0
1052,0,0,0
1053,0,0,0
1054,0,0,0
1055,0,0,0
1056,0,0,0
1057,0,0,0
1058,0,0,0
1059,0,0,0
1060,0,0,0
1061,0,0,0
1062,0,0,0
1063,0,0,0
1064,0,0,0
1065,0,0,0
1066,0,0,0
1067,0,0,0
1068,0,0,0
1069,0,0,0
1070,0,0,0
1071,0,0,0
1072,0,0,0
1073,0,0,0
1074,0,0,0
1075,0,0,0
1076,0,0,0
1077,0,0,0
1078,0,0,0
1079,0,0,0
1080,0,0,0
1081,0,0,0
1082,0,0,0
1083,0,0,0
1084,0,0,0
1085,0,0,0
1086,0,0,0
1087,0,0,0
1088,0,0,0
1089,0,0,0
1090,0,0,0
1091,0,0,0
1092,0,0,0
1093,0,0,0
1094,0,0,0
1095,0,0,0
1096,0,0,0
1097,0,0,0
1098,0,0,0
1099,0,0,0
1100,0,0,0
1101,0,0,0
1102,0,0,0
1103,0,0,0
1104,0,0,0
1105,0,0,0
1106,0,0,0
1107,0,0,0
1108,0,0,0
1109,0,0,0
1110,0,0,0
1111,0,0,0
1112,0,0,0
1113,0,0,0
1114,0,0,0
1115,0,0,0
1116,0,0,0
1117,0,0,0
1118,0,0,0
1119,0,0,0
1120,0,0,0
1121,0,0,0
1122,0,0,0
1123,0,0,0
1124,0,0,0
1125,0,0,0
1126,0.1947,0,0
1127,2.07,0,0
1128,3.826,0,0
1129,5.582,0,0
1130,7.338,0,0
1131,9.095,0,0
1132,10.85,0,0
1133,12.61,0,0
1134,14.36,0,0
1135,16.12,0,0
1136,17.88,0,0
1137,19.63,0,0
1138,21.39,0,0
1139,23.14,0,0
1140,24.9,0,0
1141,26.66,0,0
1142,28.41,0,0
1143,30.17,0,0
1144,31.93,0,0
1145,33.68,0,0
1146,35.44,0,0
1147,37.19,0,0
1148,38.95,0,0
1149,40.71,0,0
1150,42.46,0,0
1151,44.22,0,0
1152,45.98,0,0
1153,47.73,0,0
1154,49.49,0,0
1155,51.01,0,0
1156,52.29,0,0
1157,53.57,0,0
1158,54.85,0,0
1159,56.13,0,0
1160,57.42,0,0
1161,58.7,0,0
1162,59.98,0,0
1163,61.26,0,0
1164,62.54,0,0
1165,63.83,0,0
1166,65.11,0,0
1167,66.39,0,0
1168,67.67,0,0
1169,68.95,0,0
1170,70.24,0,0
1171,71.52,0,0
1172,72.8,0,0
1173,74.08,0,0
1174,75.36,0,0
1175,76.65,0,0
1176,77.93,0,0
1177,79.21,0,0
1178,80.49,0,0
1179,81.78,0,0
1180,83.06,0,0
1181,84.34,0,0
1182,85.62,0,0
1183,86.9,0,0
1184,88.19,0,0
1185,89.47,0,0
1186,90.11,0,0
1187,90.11,0,0
1188,90.11,0,0
1189,90.11,0,0
1190,90.11,0,0
1191,90.11,0,0
1192,90.11,0,0
1193,90.11,0,0
1194,90.11,0,0
1195,90.11,0,0
1196,90.11,0,0
1197,90.11,0,0
1198,90.11,0,0
1199,90.11,0,0
1200,90.11,0,0
1201,90.11,0,0
1202,90.11,0,0
1203,90.11,0,0
1204,90.11,0,0
1205,90.11,0,0
1206,90.11,0,0
1207,90.11,0,0
1208,90.11,0,0
1209,90.11,0,0
1210,90.11,0,0
1211,90.11,0,0
1212,90.11,0,0
1213,90.11,0,0
1214,90.11,0,0
1215,90.11,0,0
1216,90.11,0,0
1217,90.11,0,0
1218,90.11,0,0
1219,90.11,0,0
1220,90.11,0,0
1221,90.11,0,0
1222,90.11,0,0
1223,90.11,0,0
1224,90.11,0,0
1225,90.11,0,0
1226,90.11,0,0
1227,90.11,0,0
1228,90.11,0,0
1229,90.11,0,0
1230,90.11,0,0
1231,90.11,0,0
1232,90.11,0,0
1233,90.11,0,0
1234,90.11,0,0
1235,90.11,0,0
1236,90.11,0,0
1237,90.11,0,0
1238,90.11,0,0
1239,90.11,0,0
1240,90.11,0,0
1241,90.11,0,0
1242,90.11,0,0
1243,90.11,0,0
1244,90.11,0,0
1245,90.11,0,0
1246,90.11,0,0
1247,90.11,0,0
1248,90.11,0,0
1249,90.11,0,0
1250,90.11,0,0
1251,90.11,0,0
1252,90.11,0,0
1253,90.11,0,0
1254,90.11,0,0
1255,90.11,0,0
1256,90.11,0,0
1257,90.11,0,0
1258,90.11,0,0
1259,90.11,0,0
1260,90.11,0,0
1261,90.11,0,0
1262,90.11,0,0
1263,90.11,0,0
1264,90.11,0,0
1265,90.11,0,0
1266,90.11,0,0
1267,90.11,0,0
1268,90.11,0,0
1269,90.11,0,0
1270,90.11,0,0
1271,90.11,0,0
1272,90.11,0,0
1273,90.11,0,0
1274,90.11,0,0
1275,90.11,0,0
1276,90.11,0,0
1277,90.11,0,0
1278,90.11,0,0
1279,90.11,0,0
1280,90.11,0,0
1281,90.11,0,0
1282,90.11,0,0
1283,90.11,0,0
1284,90.11,0,0
1285,90.11,0,0
1286,90.11,0,0
1287,90.11,0,0
1288,90.11,0,0
1289,90.11,0,0
1290,90.11,0,0
1291,90.11,0,0
1292,90.11,0,0
1293,90.11,0,0
1294,90.11,0,0
1295,90.11,0,0
1296,90.11,0,0
1297,90.11,0,0
1298,90.11,0,0
1299,90.11,0,0
1300,90.11,0,0
1301,90.11,0,0
1302,90.11,0,0
1303,90.11,0,0
1304,90.11,0,0
1305,90.11,0,0
1306,90.11,0,0
1307,90.11,0,0
1308,90.11,0,0
1309,90.11,0,0
1310,90.11,0,0
1311,90.11,0,0
1312,90.11,0,0
1313,90.11,0,0
1314,90.11,0,0
1315,90.11,0,0
1316,90.11,0,0
1317,90.11,0,0
1318,90.11,0,0
1319,90.11,0,0
1320,90.11,0,0
1321,90.11,0,0
1322,90.11,0,0
1323,90.11,0,0
1324,90.11,0,0
1325,90.11,0,0
1326,90.11,0,0
1327,90.11,0,0
1328,90.11,0,0
1329,90.11,0,0
1330,90.11,0,0
1331,90.11,0,0
1332,90.11,0,0
1333,90.11,0,0
1334,90.11,0,0
1335,90.11,0,0
1336,90.11,0,0
1337,90.11,0,0
1338,90.11,0,0
1339,90.11,0,0
1340,90.11,0,0
1341,90.11,0,0
1342,90.11,0,0
1343,90.11,0,0
1344,90.11,0,0
1345,90.11,0,0
1346,90.11,0,0
1347,90.11,0,0
1348,90.11,0,0
1349,90.11,0,0
1350,90.11,0,0
1351,90.11,0,0
1352,90.11,0,0
1353,90.11,0,0
1354,90.11,0,0
1355,90.11,0,0
1356,90.11,0,0
1357,90.11,0,0
1358,90.11,0,0
1359,90.11,0,0
1360,90.11,0,0
1361,90.11,0,0
1362,90.11,0,0
1363,90.11,0,0
1364,90.11,0,0
1365,90.11,0,0
1366,90.11,0,0
1367,90.11,0,0
1368,90.11,0,0
1369,90.11,0,0
1370,90.11,0,0
1371,90.11,0,0
1372,90.11,0,0
1373,90.11,0,0
1374,90.11,0,0
1375,90.11,0,0
1376,90.11,0,0
1377,90.11,0,0
1378,90.11,0,0
1379,90.11,0,0
1380,90.11,0,0
1381,90.11,0,0
1382,90.11,0,0
1383,90.11,0,0
1384,90.11,0,0
1385,90.11,0,0
1386,90.11,0,0
1387,90.11,0,0
1388,90.11,0,0
1389,90.11,0,0
1390,90.11,0,0
1391,90.11,0,0
1392,90.11,0,0
1393,90.11,0,0
1394,90.11,0,0
1395,90.11,0,0
1396,90.11,0,0
1397,90.11,0,0
1398,90.11,0,0
1399,90.11,0,0
1400,90.11,0,0
1401,90.11,0,0
1402,90.11,0,0
1403,90.11,0,0
1404,90.11,0,0
1405,90.11,0,0
1406,90.11,0,0
1407,90.11,0,0
1408,90.11,0,0
1409,90.11,0,0
1410,90.11,0,0
1411,90.11,0,0
1412,90.11,0,0
1413,90.11,0,0
1414,90.11,0,0
1415,90.11,0,0
1416,90.11,0,0
1417,90.11,0,0
1418,90.11,0,0
1419,90.11,0,0
1420,90.11,0,0
1421,90.11,0,0
1422,90.11,0,0
1423,90.11,0,0
1424,90.11,0,0
1425,90.11,0,0
1426,90.11,0,0
1427,90.11,0,0
1428,90.11,0,0
1429,90.11,0,0
1430,90.11,0,0
1431,90.11,0,0
1432,90.11,0,0
1433,90.11,0,0
1434,90.11,0,0
1435,90.11,0,0
1436,90.11,0,0
1437,90.11,0,0
1438,90.11,0,0
1439,90.11,0,0
1440,90.11,0,0
1441,90.11,0,0
1442,90.11,0,0
1443,90.11,0,0
1444,90.11,0,0
1445,90.11,0,0
1446,90.11,0,0
1447,90.11,0,0
1448,91.88,0,0
1449,93.67,0,0
1450,95.46,0,0
1451,97.25,0,0
1452,99.04,0,0
1453,100.8,0,0
1454,102.6,0,0
1455,104.4,0,0
1456,106.2,0,0
1457,108,0,0
1458,109.8,0,0
1459,111.6,0,0
1460,113.4,0,0
1461,115.3,0,0
1462,117.3,0,0
1463,119.3,0,0
1464,121.3,0,0
1465,123.2,0,0
1466,125.2,0,0
1467,127.2,0,0
1468,129.2,0,0
1469,131.2,0,0
1470,133.2,0,0
1471,135.2,0,0
1472,137.2,0,0
1473,139.2,0,0
1474,141.2,0,0
1475,143.2,0,0
1476,145.2,0,0
1477,147.2,0,0
1478,149.2,0,0
1479,151.2,0,0
1480,153.2,0,0
1481,155.2,0,0
1482,157.1,0,0
1483,159.1,0,0
1484,161.1,0,0
1485,163.1,0,0
1486,165.1,0,0
1487,167.1,0,0
1488,169.1,0,0
1489,171.1,0,0
1490,173.1,0,0
1491,175.1,0,0
1492,177,0,0
1493,178.7,0,0
1494,180.5,0,0
1495,182.2,0,0
1496,184,0,0
1497,185.8,0,0
1498,187.5,0,0
1499,189.3,0,0
1500,191,0,0
1501,192.8,0,0
1502,194.5,0,0
1503,196.3,0,0
1504,198,0,0
1505,199.8,0,0
1506,201.6,0,0
1507,203.3,0,0
1508,205.1,0,0
1509,206.8,0,0
1510,208.6,0,0
1511,210.3,0,0
1512,212.1,0,0
1513,213.9,0,0
1514,215.6,0,0
1515,217.4,0,0
1516,219.1,0,0
1517,220.9,0,0
1518,222.6,0,0
1519,224.4,0,0
1520,225.9,0,0
1521,227.2,0,0
1522,228.5,0,0
1523,229.8,0,0
1524,231,0,0
1525,232.3,0,0
1526,233.6,0,0
1527,234.9,0,0
1528,236.2,0,0
1529,237.5,0,0
1530,238.7,0,0
1531,240,0,0
1532,241.3,0,0
1533,242.6,0,0
1534,243.9,0,0
1535,245.1,0,0
1536,246.4,0,0
1537,247.7,0,0
1538,249,0,0
1539,250.3,0,0
1540,251.6,0,0
1541,252.8,0,0
1542,254.1,0,0
1543,255.4,0,0
1544,256.7,0,0
1545,258,0,0
1546,259.3,0,0
1547,260.5,0,0
1548,261.8,0,0
1549,263.1,0,0
1550,264.4,0,0
1551,265,0,0
1552,265,0,0
1553,265,0,0
1554,265,0,0
1555,265,0,0
1556,265,0,0
1557,265,0,0
1558,265,0,0
1559,265,0,0
1560,265,0,0
1561,265,0,0
1562,265,0,0
1563,265,0,0
1564,265,0,0
1565,265,0,0
1566,265,0,0
1567,265,0,0
1568,265,0,0
1569,265,0,0
1570,265,0,0
1571,265,0,0
1572,265,0,0
1573,265,0,0
1574,265,0,0
1575,265,0,0
1576,265,0,0
1577,265,0,0
1578,265,0,0
1579,265,0,0
1580,265,0,0
1581,265,0,0
1582,265,0,0
1583,265,0,0
1584,265,0,0
1585,265,0,0
1586,265,0,0
1587,265,0,0
1588,265,0,0
1589,265,0,0
1590,265,0,0
1591,265,0,0
1592,265,0,0
1593,265,0,0
1594,265,0,0
1595,265,0,0
1596,265,0,0
1597,265,0,0
1598,265,0,0
1599,265,0,0
1600,265,0,0
1601,265,0,0
1602,265,0,0
1603,265,0,0
1604,265,0,0
1605,265,0,0
1606,265,0,0
1607,265,0,0
1608,265,0,0
1609,265,0,0
1610,265,0,0
1611,265,0,0
1612,265,0,0
1613,265,0,0
1614,265,0,0
1615,265,0,0
1616,265,0,0
1617,265,0,0
1618,265,0,0
1619,265,0,0
1620,265,0,0
1621,265,0,0
1622,265,0,0
1623,265,0,0
1624,265,0,0
1625,265,0,0
1626,265,0,0
1627,265,0,0
1628,265,0,0
1629,265,0,0
1630,265,0,0
1631,265,0,0
1632,265,0,0
1633,265,0,0
1634,265,0,0
1635,265,0,0
1636,265,0,0
1637,265,0,0
1638,265,0,0
1639,265,0,0
1640,265,0,0
1641,265,0,0
1642,265,0,0
1643,265,0,0
1644,265,0,0
1645,265,0,0
1646,265,0,0
1647,265,0,0
1648,265,0,0
1649,265,0,0
1650,265,0,0
1651,265,0,0
1652,265,0,0
1653,265,0,0
1654,265,0,0
1655,265,0,0
1656,265,0,0
1657,265,0,0
1658,265,0,0
1659,265,0,0
1660,265,0,0
1661,265,0,0
1662,265,0,0
1663,265,0,0
1664,265,0,0
1665,265,0,0
1666,265,0,0
1667,265,0,0
1668,265,0,0
1669,265,0,0
1670,265,0,0
1671,265,0,0
1672,265,0,0
1673,265,0,0
1674,265,0,0
1675,265,0,0
1676,265,0,0
1677,265,0,0
1678,265,0,0
1679,265,0,0
1680,265,0,0
1681,265,0,0
1682,265,0,0
1683,265,0,0
1684,265,0,0
1685,265,0,0
1686,265,0,0
1687,265,0,0
1688,265,0,0
1689,265,0,0
1690,265,0,0
1691,265,0,0
1692,265,0,0
1693,265,0,0
1694,265,0,0
1695,265,0,0
1696,265,0,0
1697,265,0,0
1698,265,0,0
1699,265,0,0
1700,265,0,0
1701,265,0,0
1702,265,0,0
1703,265,0,0
1704,265,0,0
1705,265,0,0
1706,265,0,0
1707,265,0,0
1708,265,0,0
1709,265,0,0
1710,265,0,0
1711,265,0,0
1712,265,0,0
1713,265,0,0
1714,265,0,0
1715,265,0,0
1716,265,0,0
1717,265,0,0
1718,265,0,0
1719,265,0,0
1720,265,0,0
1721,265,0,0
1722,265,0,0
1723,265,0,0
1724,265,0,0
1725,265,0,0
1726,265,0,0
1727,265,0,0
1728,265,0,0
1729,265,0,0
1730,265,0,0
1731,265,0,0
1732,265,0,0
1733,265,0,0
1734,265,0,0
1735,265,0,0
1736,265,0,0
1737,265,0,0
1738,265,0,0
1739,265,0,0
1740,265,0,0
1741,265,0,0
1742,265,0,0
1743,265,0,0
1744,265,0,0
1745,265,0,0
1746,265,0,0
1747,265,0,0
1748,265,0,0
1749,265,0,0
1750,265,0,0
1751,265,0,0
1752,265,0,0
1753,265,0,0
1754,265,0,0
1755,265,0,0
1756,265,0,0
1757,265,0,0
1758,265,0,0
1759,265,0,0
1760,265,0,0
1761,265,0,0
1762,265,0,0
1763,265,0,0
1764,265,0,0
1765,265,0,0
1766,265,0,0
1767,265,0,0
1768,265,0,0
1769,265,0,0
1770,265,0,0
1771,265,0,0
1772,265,0,0
1773,265,0,0
1774,265,0,0
1775,265,0,0
1776,265,0,0
1777,265,0,0
1778,265,0,0
1779,265,0,0
1780,265,0,0
1781,265,0,0
1782,265,0,0
1783,265,0,0
1784,265,0,0
1785,265,0,0
1786,265,0,0
1787,265,0,0
1788,265,0,0
1789,265,0,0
1790,265,0,0
1791,265,0,0
1792,265,0,0
1793,265,0,0
1794,265,0,0
1795,265,0,0
1796,265,0,0
1797,265,0,0
1798,265,0,0
1799,265,0,0
1800,265,0,0
1801,265,0,0
1802,265,0,0
1803,265,0,0
1804,265,0,0
1805,265,0,0
1806,265,0,0
1807,265,0,0
1808,265,0,0
1809,265,0,0
1810,265,0,0
1811,265,0,0
1812,265.1,0,0
1813,266.9,0,0
1814,268.7,0,0
1815,270.5,0,0
1816,272.2,0,0
1817,274,0,0
1818,275.8,0,0
1819,277.6,0,0
1820,279.4,0,0
1821,281.2,0,0
1822,283,0,0
1823,284.8,0,0
1824,286.6,0,0
1825,288.4,0,0
1826,290.3,0,0
1827,292.3,0,0
1828,294.3,0,0
1829,296.3,0,0
1830,298.2,0,0
1831,300.2,0,0
1832,302.2,0,0
1833,304.2,0,0
1834,306.2,0,0
1835,308.2,0,0
1836,310.2,0,0
1837,312.2,0,0
1838,314.2,0,0
1839,316.2,0,0
1840,318.2,0,0
1841,320.2,0,0
1842,322.2,0,0
1843,324.2,0,0
1844,326.2,0,0
1845,328.2,0,0
1846,330.2,0,0
1847,332.2,0,0
1848,334.1,0,0
1849,336.1,0,0
1850,338.1,0,0
1851,340.1,0,0
1852,342.1,0,0
1853,344.1,0,0
1854,346.1,0,0
1855,348.1,0,0
1856,350.1,0,0
1857,352,0,0
1858,353.7,0,0
1859,355.5,0,0
1860,357.3,0,0
1861,359,0,0
1862,360.8,0,0
1863,362.5,0,0
1864,364.3,0,0
1865,366,0,0
1866,367.8,0,0
1867,369.5,0,0
1868,371.3,0,0
1869,373.1,0,0
1870,374.8,0,0
1871,376.6,0,0
1872,378.3,0,0
1873,380.1,0,0
1874,381.8,0,0
1875,383.6,0,0
1876,385.4,0,0
1877,387.1,0,0
1878,388.9,0,0
1879,390.6,0,0
1880,392.4,0,0
1881,394.1,0,0
1882,395.9,0,0
1883,397.7,0,0
1884,399.4,0,0
1885,400.9,0,0
1886,402.2,0,0
1887,403.5,0,0
1888,404.8,0,0
1889,406.1,0,0
1890,407.3,0,0
1891,408.6,0,0
1892,409.9,0,0
1893,411.2,0,0
1894,412.5,0,0
1895,413.8,0,0
1896,415,0,0
1897,416.3,0,0
1898,417.6,0,0
1899,418.9,0,0
1900,420.2,0,0
1901,421.5,0,0
1902,422.7,0,0
1903,424,0,0
1904,425.3,0,0
1905,426.6,0,0
1906,427.9,0,0
1907,429.2,0,0
1908,430.4,0,0
1909,431.7,0,0
1910,433,0,0
1911,434.3,0,0
1912,435.6,0,0
1913,436.8,0,0
1914,438.1,0,0
1915,439.4,0,0
1916,440.1,0,0
1917,440.1,0,0
1918,440.1,0,0
1919,440.1,0,0
1920,440.1,0,0
1921,440.1,0,0
1922,440.1,0,0
1923,440.1,0,0
1924,440.1,0,0
1925,440.1,0,0
1926,440.1,0,0
1927,440.1,0,0
1928,440.1,0,0
1929,440.1,0,0
1930,440.1,0,0
1931,440.1,0,0
1932,440.1,0,0
1933,440.1,0,0
1934,440.1,0,0
1935,440.1,0,0
1936,440.1,0,0
1937,440.1,0,0
1938,440.1,0,0
1939,440.1,0,0
1940,440.1,0,0
1941,440.1,0,0
1942,440.1,0,0
1943,440.1,0,0
1944,440.1,0,0
1945,440.1,0,0
1946,440.1,0,0
1947,440.1,0,0
1948,440.1,0,0
1949,440.1,0,0
1950,440.1,0,0
1951,440.1,0,0
1952,440.1,0,0
1953,440.1,0,0
1954,440.1,0,0
1955,440.1,0,0
1956,440.1,0,0
1957,440.1,0,0
1958,440.1,0,0
1959,440.1,0,0
1960,440.1,0,0
1961,440.1,0,0
1962,440.1,0,0
1963,440.1,0,0
1964,440.1,0,0
1965,440.1,0,0
1966,440.1,0,0
1967,440.1,0,0
1968,440.1,0,0
1969,440.1,0,0
1970,440.1,0,0
1971,440.1,0,0
1972,440.1,0,0
1973,440.1,0,0
1974,440.1,0,0
1975,440.1,0,0
1976,440.1,0,0
1977,440.1,0,0
1978,440.1,0,0
1979,440.1,0,0
1980,440.1,0,0
1981,440.1,0,0
1982,440.1,0,0
1983,440.1,0,0
1984,440.1,0,0
1985,440.1,0,0
1986,440.1,0,0
1987,440.1,0,0
1988,440.1,0,0
1989,440.1,0,0
1990,440.1,0,0
1991,440.1,0,0
1992,440.1,0,0
1993,440.1,0,0
1994,440.1,0,0
1995,440.1,0,0
1996,440.1,0,0
1997,440.1,0,0
1998,440.1,0,0
1999,440.1,0,0
2000,440.1,0,0
2001,440.1,0,0
2002,440.1,0,0
2003,440.1,0,0
2004,440.1,0,0
2005,440.1,0,0
2006,440.1,0,0
2007,440.1,0,0
2008,440.1,0,0
2009,440.1,0,0
2010,440.1,0,0
2011,440.1,0,0
2012,440.1,0,0
2013,440.1,0,0
2014,440.1,0,0
2015,440.1,0,0
2016,440.1,0,0
2017,440.1,0,0
2018,440.1,0,0
2019,440.1,0,0
2020,440.1,0,0
2021,440.1,0,0
2022,440.1,0,0
2023,440.1,0,0
2024,440.1,0,0
2025,440.1,0,0
2026,440.1,0,0
2027,440.1,0,0
2028,440.1,0,0
2029,440.1,0,0
2030,440.1,0,0
2031,440.1,0,0
2032,440.1,0,0
2033,440.1,0,0
2034,440.1,0,0
2035,440.1,0,0
2036,440.1,0,0
2037,440.1,0,0
2038,440.1,0,0
2039,440.1,0,0
2040,440.1,0,0
2041,440.1,0,0
2042,440.1,0,0
2043,440.1,0,0
2044,440.1,0,0
2045,440.1,0,0
2046,440.1,0,0
2047,440.1,0,0
2048,440.1,0,0
2049,440.1,0,0
2050,440.1,0,0
2051,440.1,0,0
2052,440.1,0,0
2053,440.1,0,0
2054,440.1,0,0
2055,440.1,0,0
2056,440.1,0,0
2057,440.1,0,0
2058,440.1,0,0
2059,440.1,0,0
2060,440.1,0,0
2061,440.1,0,0
2062,440.1,0,0
2063,440.1,0,0
2064,440.1,0,0
2065,440.1,0,0
2066,440.1,0,0
2067,440.1,0,0
2068,440.1,0,0
2069,440.1,0,0
2070,440.1,0,0
2071,440.1,0,0
2072,440.1,0,0
2073,440.1,0,0
2074,440.1,0,0
2075,440.1,0,0
2076,440.1,0,0
2077,440.1,0,0
2078,440.1,0,0
2079,440.1,0,0
2080,440.1,0,0
2081,440.1,0,0
2082,440.1,0,0
2083,440.1,0,0
2084,440.1,0,0
2085,440.1,0,0
2086,440.1,0,0
2087,440.1,0,0
2088,440.1,0,0
2089,440.1,0,0
2090,440.1,0,0
2091,440.1,0,0
2092,440.1,0,0
2093,440.1,0,0
2094,440.1,0,0
2095,440.1,0,0
2096,440.1,0,0
2097,440.1,0,0
2098,440.1,0,0
2099,440.1,0,0
2100,440.1,0,0
2101,440.1,0,0
2102,440.1,0,0
2103,440.1,0,0
2104,440.1,0,0
2105,440.1,0,0
2106,440.1,0,0
2107,440.1,0,0
2108,440.1,0,0
2109,440.1,0,0
2110,440.1,0,0
2111,440.1,0,0
2112,440.1,0,0
2113,440.1,0,0
2114,440.1,0,0
2115,440.1,0,0
2116,440.1,0,0
2117,440.1,0,0
2118,440.1,0,0
2119,440.1,0,0
2120,440.1,0,0
2121,440.1,0,0
2122,440.1,0,0
2123,440.1,0,0
2124,440.1,0,0
2125,440.1,0,0
2126,440.1,0,0
2127,440.1,0,0
2128,440.1,0,0
2129,440.1,0,0
2130,440.1,0,0
2131,440.1,0,0
2132,440.1,0,0
2133,440.1,0,0
2134,440.1,0,0
2135,440.1,0,0
2136,440.1,0,0
2137,440.1,0,0
2138,440.1,0,0
2139,440.1,0,0
2140,440.1,0,0
2141,440.1,0,0
2142,440.1,0,0
2143,440.1,0,0
2144,440.1,0,0
2145,440.1,0,0
2146,440.1,0,0
2147,440.1,0,0
2148,440.1,0,0
2149,440.1,0,0
2150,440.1,0,0
2151,440.1,0,0
2152,440.1,0,0
2153,440.1,0,0
2154,440.1,0,0
2155,440.1,0,0
2156,440.1,0,0
2157,440.1,0,0
2158,440.1,0,0
2159,440.1,0,0
2160,440.1,0,0
2161,440.1,0,0
2162,440.1,0,0
2163,440.1,0,0
2164,440.1,0,0
2165,440.1,0,0
2166,440.1,0,0
2167,440.1,0,0
2168,440.1,0,0
2169,440.1,0,0
2170,440.1,0,0
2171,440.1,0,0
2172,440.1,0,0
2173,440.1,0,0
2174,440.1,0,0
2175,440.1,0,0
2176,440.1,0,0
2177,440.2,0,0
2178,442,0,0
2179,443.8,0,0
2180,445.6,0,0
2181,447.4,0,0
2182,449.2,0,0
2183,451,0,0
2184,452.8,0,0
2185,454.6,0,0
2186,456.4,0,0
2187,458.2,0,0
2188,460,0,0
2189,461.7,0,0
2190,463.5,0,0
2191,465.4,0,0
2192,467.4,0,0
2193,469.4,0,0
2194,471.4,0,0
2195,473.4,0.5955,0
2196,475.4,2.591,0
2197,477.4,4.586,0
2198,479.4,6.581,0
2199,481.4,8.576,0
2200,483.4,10.57,0
2201,485.4,12.57,0
2202,487.4,14.56,0
2203,489.4,16.56,0
2204,491.4,18.55,0
2205,493.4,20.55,0
2206,495.4,22.54,0
2207,497.4,24.54,0
2208,499.3,26.53,0
2209,501.3,28.53,0
2210,503.3,30.52,0
2211,505.3,32.52,0
2212,507.3,34.51,0
2213,509.3,36.51,0
2214,511.3,38.5,0
2215,513.3,40.5,0
2216,515.3,42.49,0
2217,517.3,44.49,0
2218,519.3,46.48,0
2219,521.3,48.48,0
2220,523.3,50.47,0
2221,525.3,52.47,0
2222,527.2,54.34,0
2223,528.9,56.1,0
2224,530.7,57.86,0
2225,532.4,59.61,0
2226,534.2,61.37,0
2227,535.9,63.13,0
2228,537.7,64.89,0
2229,539.5,66.64,0
2230,541.2,68.4,0
2231,543,70.16,0
2232,544.7,71.92,0
2233,546.5,73.67,0
2234,548.2,75.43,0
2235,550,77.19,0
2236,551.8,78.95,0
2237,553.5,80.7,0
2238,555.3,82.46,0
2239,557,84.22,0
2240,558.8,85.98,0
2241,560.5,87.73,0
2242,562.3,89.49,0
2243,564.1,91.25,0
2244,565.8,93.01,0
2245,567.6,94.76,0
2246,569.3,96.52,0
2247,571.1,98.28,0
2248,572.9,100,0
2249,574.6,101.8,0
2250,576.4,103.5,0
2251,577.9,105.1,0
2252,579.2,106.4,0
2253,580.5,107.6,0
2254,581.7,108.9,0
2255,583,110.2,0
2256,584.3,111.5,0
2257,585.6,112.8,0
2258,586.9,114.1,0
2259,588.2,115.3,0
2260,589.4,116.6,0
2261,590.7,117.9,0
2262,592,119.2,0
2263,593.3,120.5,0
2264,594.6,121.8,0
2265,595.9,123,0
2266,597.1,124.3,0
2267,598.4,125.6,0
2268,599.7,126.9,0
2269,601,128.2,0
2270,602.3,129.5,0
2271,603.6,130.7,0
2272,604.8,132,0
2273,606.1,133.3,0
2274,607.4,134.6,0
2275,608.7,135.9,0
2276,610,137.2,0
2277,611.2,138.4,0
2278,612.5,139.7,0
2279,613.8,141,0
2280,615.1,142.3,0
2281,616.4,143.6,0
2282,617,144.2,0
2283,617,144.2,0
2284,617,144.2,0
2285,617,144.2,0
2286,617,144.2,0
2287,617,144.2,0
2288,617,144.2,0
2289,617,144.2,0
2290,617,144.2,0
2291,617,144.2,0
2292,617,144.2,0
2293,617,144.2,0
2294,617,144.2,0
2295,617,144.2,0
2296,617,144.2,0
2297,617,144.2,0
2298,617,144.2,0
2299,617,144.2,0
2300,617,144.2,0
2301,617,144.2,0
2302,617,144.2,0
2303,617,144.2,0
2304,617,144.2,0
2305,617,144.2,0
2306,617,144.2,0
2307,617,144.2,0
2308,617,144.2,0
2309,617,144.2,0
2310,617,144.2,0
2311,617,144.2,0
2312,617,144.2,0
2313,617,144.2,0
2314,617,144.2,0
2315,617,144.2,0
2316,617,144.2,0
2317,617,144.2,0
2318,617,144.2,0
2319,617,144.2,0
2320,617,144.2,0
2321,617,144.2,0
2322,617,144.2,0
2323,617,144.2,0
2324,617,144.2,0
2325,617,144.2,0
2326,617,144.2,0
2327,617,144.2,0
2328,617,144.2,0
2329,617,144.2,0
2330,617,144.2,0
2331,617,144.2,0
2332,617,144.2,0
2333,617,144.2,0
2334,617,144.2,0
2335,617,144.2,0
2336,617,144.2,0
2337,617,144.2,0
2338,617,144.2,0
2339,617,144.2,0
2340,617,144.2,0
2341,617,144.2,0
2342,617,144.2,0
2343,617,144.2,0
2344,617,144.2,0
2345,617,144.2,0
2346,617,144.2,0
2347,617,144.2,0
2348,617,144.2,0
2349,617,144.2,0
2350,617,144.2,0
2351,617,144.2,0
2352,617,144.2,0
2353,617,144.2,0
2354,617,144.2,0
2355,617,144.2,0
2356,617,144.2,0
2357,617,144.2,0
2358,617,144.2,0
2359,617,144.2,0
2360,617,144.2,0
2361,617,144.2,0
2362,617,144.2,0
2363,617,144.2,0
2364,617,144.2,0
2365,617,144.2,0
2366,617,144.2,0
2367,617,144.2,0
2368,617,144.2,0
2369,617,144.2,0
2370,617,144.2,0
2371,617,144.2,0
2372,617,144.2,0
2373,617,144.2,0
2374,617,144.2,0
2375,617,144.2,0
2376,617,144.2,0
2377,617,144.2,0
2378,617,144.2,0
2379,617,144.2,0
2380,617,144.2,0
2381,617,144.2,0
2382,617,144.2,0
2383,617,144.2,0
2384,617,144.2,0
2385,617,144.2,0
2386,617,144.2,0
2387,617,144.2,0
2388,617,144.2,0
2389,617,144.2,0
2390,617,144.2,0
2391,617,144.2,0
2392,617,144.2,0
2393,617,144.2,0
2394,617,144.2,0
2395,617,144.2,0
2396,617,144.2,0
2397,617,144.2,0
2398,617,144.2,0
2399,617,144.2,0
2400,617,144.2,0
2401,617,144.2,0
2402,617,144.2,0
2403,617,144.2,0
2404,617,144.2,0
2405,617,144.2,0
2406,617,144.2,0
2407,617,144.2,0
2408,617,144.2,0
2409,617,144.2,0
2410,617,144.2,0
2411,617,144.2,0
2412,617,144.2,0
2413,617,144.2,0
2414,617,144.2,0
2415,617,144.2,0
2416,617,144.2,0
2417,617,144.2,0
2418,617,144.2,0
2419,617,144.2,0
2420,617,144.2,0
2421,617,144.2,0
2422,617,144.2,0
2423,617,144.2,0
2424,617,144.2,0
2425,617,144.2,0
2426,617,144.2,0
2427,617,144.2,0
2428,617,144.2,0
2429,617,144.2,0
2430,617,144.2,0
2431,617,144.2,0
2432,617,144.2,0
2433,617,144.2,0
2434,617,144.2,0
2435,617,144.2,0
2436,617,144.2,0
2437,617,144.2,0
2438,617,144.2,0
2439,617,144.2,0
2440,617,144.2,0
2441,617,144.2,0
2442,617,144.2,0
2443,617,144.2,0
2444,617,144.2,0
2445,617,144.2,0
2446,617,144.2,0
2447,617,144.2,0
2448,617,144.2,0
2449,617,144.2,0
2450,617,144.2,0
2451,617,144.2,0
2452,617,144.2,0
2453,617,144.2,0
2454,617,144.2,0
2455,617,144.2,0
2456,617,144.2,0
2457,617,144.2,0
2458,617,144.2,0
2459,617,144.2,0
2460,617,144.2,0
2461,617,144.2,0
2462,617,144.2,0
2463,617,144.2,0
2464,617,144.2,0
2465,617,144.2,0
2466,617,144.2,0
2467,617,144.2,0
2468,617,144.2,0
2469,617,144.2,0
2470,617,144.2,0
2471,617,144.2,0
2472,617,144.2,0
2473,617,144.2,0
2474,617,144.2,0
2475,617,144.2,0
2476,617,144.2,0
2477,617,144.2,0
2478,617,144.2,0
2479,617,144.2,0
2480,617,144.2,0
2481,617,144.2,0
2482,617,144.2,0
2483,617,144.2,0
2484,617,144.2,0
2485,617,144.2,0
2486,617,144.2,0
2487,617,144.2,0
2488,617,144.2,0
2489,617,144.2,0
2490,617,144.2,0
2491,617,144.2,0
2492,617,144.2,0
2493,617,144.2,0
2494,617,144.2,0
2495,617,144.2,0
2496,617,144.2,0
2497,617,144.2,0
2498,617,144.2,0
2499,617,144.2,0
2500,617,144.2,0
2501,617,144.2,0
2502,617,144.2,0
2503,617,144.2,0
2504,617,144.2,0
2505,617,144.2,0
2506,617,144.2,0
2507,617,144.2,0
2508,617,144.2,0
2509,617,144.2,0
2510,617,144.2,0
2511,617,144.2,0
2512,617,144.2,0
2513,617,144.2,0
2514,617,144.2,0
2515,617,144.2,0
2516,617,144.2,0
2517,617,144.2,0
2518,617,144.2,0
2519,617,144.2,0
2520,617,144.2,0
2521,617,144.2,0
2522,617,144.2,0
2523,617,144.2,0
2524,617,144.2,0
2525,617,144.2,0
2526,617,144.2,0
2527,617,144.2,0
2528,617,144.2,0
2529,617,144.2,0
2530,617,144.2,0
2531,617,144.2,0
2532,617,144.2,0
2533,617,144.2,0
2534,617,144.2,0
2535,617,144.2,0
2536,617,144.2,0
2537,617,144.2,0
2538,617,144.2,0
2539,617,144.2,0
2540,617,144.2,0
2541,617,144.2,0
2542,617,144.2,0
2543,617.4,144.5,0
2544,619.2,146.3,0
2545,621,148.1,0
2546,622.7,149.9,0
2547,624.5,151.7,0
2548,626.3,153.5,0
2549,628.1,155.3,0
2550,629.9,157.1,0
2551,631.7,158.9,0
2552,633.5,160.7,0
2553,635.3,162.5,0
2554,637.1,164.3,0
2555,638.9,166.1,0
2556,640.7,167.9,0
2557,642.6,169.8,0
2558,644.6,171.7,0
2559,646.6,173.7,0
2560,648.6,175.7,0
2561,650.6,177.7,0
2562,652.5,179.7,0
2563,654.5,181.7,0
2564,656.5,183.7,0
2565,658.5,185.7,0
2566,660.5,187.7,0
2567,662.5,189.7,0
2568,664.5,191.7,0
2569,666.5,193.7,0
2570,668.5,195.7,0
2571,670.5,197.7,0
2572,672.5,199.7,0
2573,674.5,201.7,0
2574,676.5,203.7,0
2575,678.5,205.7,0
2576,680.5,207.7,0
2577,682.5,209.7,0
2578,684.5,211.7,0
2579,686.5,213.7,0
2580,688.5,215.7,0
2581,690.5,217.7,0
2582,692.5,219.6,0
2583,694.5,221.6,0
2584,696.5,223.6,0
2585,698.5,225.6,0
2586,700.4,227.6,0
2587,702.4,229.6,0
2588,704.3,231.5,0
2589,706.1,233.3,0
2590,707.8,235,0
2591,709.6,236.8,0
2592,711.4,238.5,0
2593,713.1,240.3,0
2594,714.9,242.1,0
2595,716.6,243.8,0
2596,718.4,245.6,0
2597,720.1,247.3,0
2598,721.9,249.1,0
2599,723.7,250.8,0
2600,725.4,252.6,0
2601,727.2,254.4,0
2602,728.9,256.1,0
2603,730.7,257.9,0
2604,732.4,259.6,0
2605,734.2,261.4,0
2606,736,263.1,0
2607,737.7,264.9,0
2608,739.5,266.7,0
2609,741.2,268.4,0
2610,743,270.2,0
2611,744.8,271.9,0
2612,746.5,273.7,0
2613,748.3,275.5,0
2614,750,277.2,0
2615,751.8,279,0
2616,753.3,280.5,0
2617,754.6,281.8,0
2618,755.9,283.1,0
2619,757.2,284.3,0
2620,758.4,285.6,0
2621,759.7,286.9,0
2622,761,288.2,0
2623,762.3,289.5,0
2624,763.6,290.8,0
2625,764.9,292,0
2626,766.1,293.3,0
2627,767.4,294.6,0
2628,768.7,295.9,0
2629,770,297.2,0
2630,771.3,298.5,0
2631,772.6,299.7,0
2632,773.8,301,0
2633,775.1,302.3,0
2634,776.4,303.6,0
2635,777.7,304.9,0
2636,779,306.2,0
2637,780.3,307.5,0
2638,781.6,308.7,0
2639,782.8,310,0
2640,784.1,311.3,0
2641,785.4,312.6,0
2642,786.7,313.9,0
2643,788,315.2,0
2644,789.3,316.4,0
2645,790.5,317.7,0
2646,791.8,319,0
2647,792.5,319.7,0
2648,792.5,319.7,0
2649,792.5,319.7,0
2650,792.5,319.7,0
2651,792.5,319.7,0
2652,792.5,319.7,0
2653,792.5,319.7,0
2654,792.5,319.7,0
2655,792.5,319.7,0
2656,792.5,319.7,0
2657,792.5,319.7,0
2658,792.5,319.7,0
2659,792.5,319.7,0
2660,792.5,319.7,0
2661,792.5,319.7,0
2662,792.5,319.7,0
2663,792.5,319.7,0
2664,792.5,319.7,0
2665,792.5,319.7,0
2666,792.5,319.7,0
2667,792.5,319.7,0
2668,792.5,319.7,0
2669,792.5,319.7,0
2670,792.5,319.7,0
2671,792.5,319.7,0
2672,792.5,319.7,0
2673,792.5,319.7,0
2674,792.5,319.7,0
2675,792.5,319.7,0
2676,792.5,319.7,0
2677,792.5,319.7,0
2678,792.5,319.7,0
2679,792.5,319.7,0
2680,792.5,319.7,0
2681,792.5,319.7,0
2682,792.5,319.7,0
2683,792.5,319.7,0
2684,792.5,319.7,0
2685,792.5,319.7,0
2686,792.5,319.7,0
2687,792.5,319.7,0
2688,792.5,319.7,0
2689,792.5,319.7,0
2690,792.5,319.7,0
2691,792.5,319.7,0
2692,792.5,319.7,0
2693,792.5,319.7,0
2694,792.5,319.7,0
2695,792.5,319.7,0
2696,792.5,319.7,0
2697,792.5,319.7,0
2698,792.5,319.7,0
2699,792.5,319.7,0
2700,792.5,319.7,0
2701,792.5,319.7,0
2702,792.5,319.7,0
2703,792.5,319.7,0
2704,792.5,319.7,0
2705,792.5,319.7,0
2706,792.5,319.7,0
2707,792.5,319.7,0
2708,792.5,319.7,0
2709,792.5,319.7,0
2710,792.5,319.7,0
2711,792.5,319.7,0
2712,792.5,319.7,0
2713,792.5,319.7,0
2714,792.5,319.7,0
2715,792.5,319.7,0
2716,792.5,319.7,0
2717,792.5,319.7,0
2718,792.5,319.7,0
2719,792.5,319.7,0
2720,792.5,319.7,0
2721,792.5,319.7,0
2722,792.5,319.7,0
2723,792.5,319.7,0
2724,792.5,319.7,0
2725,792.5,319.7,0
2726,792.5,319.7,0
2727,792.5,319.7,0
2728,792.5,319.7,0
2729,792.5,319.7,0
2730,792.5,319.7,0
2731,792.5,319.7,0
2732,792.5,319.7,0
2733,792.5,319.7,0
2734,792.5,319.7,0
2735,792.5,319.7,0
2736,792.5,319.7,0
2737,792.5,319.7,0
2738,792.5,319.7,0
2739,792.5,319.7,0
2740,792.5,319.7,0
2741,792.5,319.7,0
2742,792.5,319.7,0
2743,792.5,319.7,0
2744,792.5,319.7,0
2745,792.5,319.7,0
2746,792.5,319.7,0
2747,792.5,319.7,0
2748,792.5,319.7,0
2749,792.5,319.7,0
2750,792.5,319.7,0
2751,792.5,319.7,0
2752,792.5,319.7,0
2753,792.5,319.7,0
2754,792.5,319.7,0
2755,792.5,319.7,0
2756,792.5,319.7,0
2757,792.5,319.7,0
2758,792.5,319.7,0
2759,792.5,319.7,0
2760,792.5,319.7,0
2761,792.5,319.7,0
2762,792.5,319.7,0
2763,792.5,319.7,0
2764,792.5,319.7,0
2765,792.5,319.7,0
2766,792.5,319.7,0
2767,792.5,319.7,0
2768,792.5,319.7,0
2769,792.5,319.7,0
2770,792.5,319.7,0
2771,792.5,319.7,0
2772,792.5,319.7,0
2773,792.5,319.7,0
2774,792.5,319.7,0
2775,792.5,319.7,0
2776,792.5,319.7,0
2777,792.5,319.7,0
2778,792.5,319.7,0
2779,792.5,319.7,0
2780,792.5,319.7,0
2781,792.5,319.7,0
2782,792.5,319.7,0
2783,792.5,319.7,0
2784,792.5,319.7,0
2785,792.5,319.7,0
2786,792.5,319.7,0
2787,792.5,319.7,0
2788,792.5,319.7,0
2789,792.5,319.7,0
2790,792.5,319.7,0
2791,792.5,319.7,0
2792,792.5,319.7,0
2793,792.5,319.7,0
2794,792.5,319.7,0
2795,792.5,319.7,0
2796,792.5,319.7,0
2797,792.5,319.7,0
2798,792.5,319.7,0
2799,792.5,319.7,0
2800,792.5,319.7,0
2801,792.5,319.7,0
2802,792.5,319.7,0
2803,792.5,319.7,0
2804,792.5,319.7,0
2805,792.5,319.7,0
2806,792.5,319.7,0
2807,792.5,319.7,0
2808,792.5,319.7,0
2809,792.5,319.7,0
2810,792.5,319.7,0
2811,792.5,319.7,0
2812,792.5,319.7,0
2813,792.5,319.7,0
2814,792.5,319.7,0
2815,792.5,319.7,0
2816,792.5,319.7,0
2817,792.5,319.7,0
2818,792.5,319.7,0
2819,792.5,319.7,0
2820,792.5,319.7,0
2821,792.5,319.7,0
2822,792.5,319.7,0
2823,792.5,319.7,0
2824,792.5,319.7,0
2825,792.5,319.7,0
2826,792.5,319.7,0
2827,792.5,319.7,0
2828,792.5,319.7,0
2829,792.5,319.7,0
2830,792.5,319.7,0
2831,792.5,319.7,0
2832,792.5,319.7,0
2833,792.5,319.7,0
2834,792.5,319.7,0
2835,792.5,319.7,0
2836,792.5,319.7,0
2837,792.5,319.7,0
2838,792.5,319.7,0
2839,792.5,319.7,0
2840,792.5,319.7,0
2841,792.5,319.7,0
2842,792.5,319.7,0
2843,792.5,319.7,0
2844,792.5,319.7,0
2845,792.5,319.7,0
2846,792.5,319.7,0
2847,792.5,319.7,0
2848,792.5,319.7,0
2849,792.5,319.7,0
2850,792.5,319.7,0
2851,792.5,319.7,0
2852,792.5,319.7,0
2853,792.5,319.7,0
2854,792.5,319.7,0
2855,792.5,319.7,0
2856,792.5,319.7,0
2857,792.5,319.7,0
2858,792.5,319.7,0
2859,792.5,319.7,0
2860,792.5,319.7,0
2861,792.5,319.7,0
2862,792.5,319.7,0
2863,792.5,319.7,0
2864,792.5,319.7,0
2865,792.5,319.7,0
2866,792.5,319.7,0
2867,792.5,319.7,0
2868,792.5,319.7,0
2869,792.5,319.7,0
2870,792.5,319.7,0
2871,792.5,319.7,0
2872,792.5,319.7,0
2873,792.5,319.7,0
2874,792.5,319.7,0
2875,792.5,319.7,0
2876,792.5,319.7,0
2877,792.5,319.7,0
2878,792.5,319.7,0
2879,792.5,319.7,0
2880,792.5,319.7,0
2881,792.5,319.7,0
2882,792.5,319.7,0
2883,792.5,319.7,0
2884,792.5,319.7,0
2885,792.5,319.7,0
2886,792.5,319.7,0
2887,792.5,319.7,0
2888,792.5,319.7,0
2889,792.5,319.7,0
2890,792.5,319.7,0
2891,792.5,319.7,0
2892,792.5,319.7,0
2893,792.5,319.7,0
2894,792.5,319.7,0
2895,792.5,319.7,0
2896,792.5,319.7,0
2897,792.5,319.7,0
2898,792.5,319.7,0
2899,792.5,319.7,0
2900,792.5,319.7,0
2901,792.5,319.7,0
2902,792.5,319.7,0
2903,792.5,319.7,0
2904,792.5,319.7,0
2905,792.5,319.7,0
2906,792.5,319.7,0
2907,792.5,319.7,0
2908,793,320.2,0
2909,794.8,322,0
2910,796.6,323.8,0
2911,798.4,325.6,0
2912,800.2,327.4,0
2913,802,329.2,0
2914,803.8,330.9,0
2915,805.6,332.7,0
2916,807.3,334.5,0
2917,809.1,336.3,0
2918,810.9,338.1,0
2919,812.7,339.9,0
2920,814.5,341.7,0
2921,816.3,343.5,0
2922,818.2,345.4,0
2923,820.2,347.4,0
2924,822.2,349.4,0
2925,824.2,351.4,0
2926,826.2,353.4,0
2927,828.2,355.4,0
2928,830.2,357.4,0
2929,832.2,359.4,0
2930,834.2,361.4,0
2931,836.2,363.4,0
2932,838.2,365.4,0
2933,840.2,367.4,0
2934,842.2,369.4,0
2935,844.2,371.4,0
2936,846.2,373.3,0
2937,848.2,375.3,0
2938,850.2,377.3,0
2939,852.2,379.3,0
2940,854.2,381.3,0
2941,856.1,383.3,0
2942,858.1,385.3,0
2943,860.1,387.3,0
2944,862.1,389.3,0
2945,864.1,391.3,0
2946,866.1,393.3,0
2947,868.1,395.3,0
2948,870.1,397.3,0
2949,872.1,399.3,0
2950,874.1,401.3,0
2951,876.1,403.3,0
2952,878.1,405.3,0
2953,880,407.2,0
2954,881.7,408.9,0
2955,883.5,410.7,0
2956,885.3,412.4,0
2957,887,414.2,0
2958,888.8,416,0
2959,890.5,417.7,0
2960,892.3,419.5,0
2961,894.1,421.2,0
2962,895.8,423,0
2963,897.6,424.8,0
2964,899.3,426.5,0
2965,901.1,428.3,0
2966,902.9,430,0
2967,904.6,431.8,0
2968,906.4,433.6,0
2969,908.1,435.3,0
2970,909.9,437.1,0
2971,911.6,438.8,0
2972,913.4,440.6,0
2973,915.2,442.3,0
2974,916.9,444.1,0
2975,918.7,445.9,0
2976,920.4,447.6,0
2977,922.2,449.4,0
2978,924,451.1,0
2979,925.7,452.9,0
2980,927.5,454.7,0
2981,929,456.2,0
2982,930.3,457.5,0
2983,931.6,458.8,0
2984,932.9,460,0
2985,934.1,461.3,0
2986,935.4,462.6,0
2987,936.7,463.9,0
2988,938,465.2,0
2989,939.3,466.5,0
2990,940.6,467.7,0
2991,941.8,469,0
2992,943.1,470.3,0
2993,944.4,471.6,0
2994,945.7,472.9,0
2995,947,474.2,0
2996,948.3,475.5,0
2997,949.6,476.7,0
2998,950.8,478,0
2999,952.1,479.3,0
3000,953.4,480.6,0
3001,954.7,481.9,0
3002,956,483.2,0
3003,957.3,484.4,0
3004,958.5,485.7,0
3005,959.8,487,0
3006,961.1,488.3,0
3007,962.4,489.6,0
3008,963.7,490.9,0
3009,965,492.2,0
3010,966.3,493.4,0
3011,967.5,494.7,0
3012,968.2,495.4,0
3013,968.2,495.4,0
3014,968.2,495.4,0
3015,968.2,495.4,0
3016,968.2,495.4,0
3017,968.2,495.4,0
3018,968.2,495.4,0
3019,968.2,495.4,0
3020,968.2,495.4,0
3021,968.2,495.4,0
3022,968.2,495.4,0
3023,968.2,495.4,0
3024,968.2,495.4,0
3025,968.2,495.4,0
3026,968.2,495.4,0
3027,968.2,495.4,0
3028,968.2,495.4,0
3029,968.2,495.4,0
3030,968.2,495.4,0
3031,968.2,495.4,0
3032,968.2,495.4,0
3033,968.2,495.4,0
3034,968.2,495.4,0
3035,968.2,495.4,0
3036,968.2,495.4,0
3037,968.2,495.4,0
3038,968.2,495.4,0
3039,968.2,495.4,0
3040,968.2,495.4,0
3041,968.2,495.4,0
3042,968.2,495.4,0
3043,968.2,495.4,0
3044,968.2,495.4,0
3045,968.2,495.4,0
3046,968.2,495.4,0
3047,968.2,495.4,0
3048,968.2,495.4,0
3049,968.2,495.4,0
3050,968.2,495.4,0
3051,968.2,495.4,0
3052,968.2,495.4,0
3053,968.2,495.4,0
3054,968.2,495.4,0
3055,968.2,495.4,0
3056,968.2,495.4,0
3057,968.2,495.4,0
3058,968.2,495.4,0
3059,968.2,495.4,0
3060,968.2,495.4,0
3061,968.2,495.4,0
3062,968.2,495.4,0
3063,968.2,495.4,0
3064,968.2,495.4,0
3065,968.2,495.4,0
3066,968.2,495.4,0
3067,968.2,495.4,0
3068,968.2,495.4,0
3069,968.2,495.4,0
3070,968.2,495.4,0
3071,968.2,495.4,0
3072,968.2,495.4,0
3073,968.2,495.4,0
3074,968.2,495.4,0
3075,968.2,495.4,0
3076,968.2,495.4,0
3077,968.2,495.4,0
3078,968.2,495.4,0
3079,968.2,495.4,0
3080,968.2,495.4,0
3081,968.2,495.4,0
3082,968.2,495.4,0
3083,968.2,495.4,0
3084,968.2,495.4,0
3085,968.2,495.4,0
3086,968.2,495.4,0
3087,968.2,495.4,0
3088,968.2,495.4,0
3089,968.2,495.4,0
3090,968.2,495.4,0
3091,968.2,495.4,0
3092,968.2,495.4,0
3093,968.2,495.4,0
3094,968.2,495.4,0
3095,968.2,495.4,0
3096,968.2,495.4,0
3097,968.2,495.4,0
3098,968.2,495.4,0
3099,968.2,495.4,0
3100,968.2,495.4,0
3101,968.2,495.4,0
3102,968.2,495.4,0
3103,968.2,495.4,0
3104,968.2,495.4,0
3105,968.2,495.4,0
3106,968.2,495.4,0
3107,968.2,495.4,0
3108,968.2,495.4,0
3109,968.2,495.4,0
3110,968.2,495.4,0
3111,968.2,495.4,0
3112,968.2,495.4,0
3113,968.2,495.4,0
3114,968.2,495.4,0
3115,968.2,495.4,0
3116,968.2,495.4,0
3117,968.2,495.4,0
3118,968.2,495.4,0
3119,968.2,495.4,0
3120,968.2,495.4,0
3121,968.2,495.4,0
3122,968.2,495.4,0
3123,968.2,495.4,0
3124,968.2,495.4,0
3125,968.2,495.4,0
3126,968.2,495.4,0
3127,968.2,495.4,0
3128,968.2,495.4,0
3129,968.2,495.4,0
3130,968.2,495.4,0
3131,968.2,495.4,0
3132,968.2,495.4,0
3133,968.2,495.4,0
3134,968.2,495.4,0
3135,968.2,495.4,0
3136,968.2,495.4,0
3137,968.2,495.4,0
3138,968.2,495.4,0
3139,968.2,495.4,0
3140,968.2,495.4,0
3141,968.2,495.4,0
3142,968.2,495.4,0
3143,968.2,495.4,0
3144,968.2,495.4,0
3145,968.2,495.4,0
3146,968.2,495.4,0
3147,968.2,495.4,0
3148,968.2,495.4,0
3149,968.2,495.4,0
3150,968.2,495.4,0
3151,968.2,495.4,0
3152,968.2,495.4,0
3153,968.2,495.4,0
3154,968.2,495.4,0
3155,968.2,495.4,0
3156,968.2,495.4,0
3157,968.2,495.4,0
3158,968.2,495.4,0
3159,968.2,495.4,0
3160,968.2,495.4,0
3161,968.2,495.4,0
3162,968.2,495.4,0
3163,968.2,495.4,0
3164,968.2,495.4,0
3165,968.2,495.4,0
3166,968.2,495.4,0
3167,968.2,495.4,0
3168,968.2,495.4,0
3169,968.2,495.4,0
3170,968.2,495.4,0
3171,968.2,495.4,0
3172,968.2,495.4,0
3173,968.2,495.4,0
3174,968.2,495.4,0
3175,968.2,495.4,0
3176,968.2,495.4,0
3177,968.2,495.4,0
3178,968.2,495.4,0
3179,968.2,495.4,0
3180,968.2,495.4,0
3181,968.2,495.4,0
3182,968.2,495.4,0
3183,968.2,495.4,0
3184,968.2,495.4,0
3185,968.2,495.4,0
3186,968.2,495.4,0
3187,968.2,495.4,0
3188,968.2,495.4,0
3189,968.2,495.4,0
3190,968.2,495.4,0
3191,968.2,495.4,0
3192,968.2,495.4,0
3193,968.2,495.4,0
3194,968.2,495.4,0
3195,968.2,495.4,0
3196,968.2,495.4,0
3197,968.2,495.4,0
3198,968.2,495.4,0
3199,968.2,495.4,0
3200,968.2,495.4,0
3201,968.2,495.4,0
3202,968.2,495.4,0
3203,968.2,495.4,0
3204,968.2,495.4,0
3205,968.2,495.4,0
3206,968.2,495.4,0
3207,968.2,495.4,0
3208,968.2,495.4,0
3209,968.2,495.4,0
3210,968.2,495.4,0
3211,968.2,495.4,0
3212,968.2,495.4,0
3213,968.2,495.4,0
3214,968.2,495.4,0
3215,968.2,495.4,0
3216,968.2,495.4,0
3217,968.2,495.4,0
3218,968.2,495.4,0
3219,968.2,495.4,0
3220,968.2,495.4,0
3221,968.2,495.4,0
3222,968.2,495.4,0
3223,968.2,495.4,0
3224,968.2,495.4,0
3225,968.2,495.4,0
3226,968.2,495.4,0
3227,968.2,495.4,0
3228,968.2,495.4,0
3229,968.2,495.4,0
3230,968.2,495.4,0
3231,968.2,495.4,0
3232,968.2,495.4,0
3233,968.2,495.4,0
3234,968.2,495.4,0
3235,968.2,495.4,0
3236,968.2,495.4,0
3237,968.2,495.4,0
3238,968.2,495.4,0
3239,968.2,495.4,0
3240,968.2,495.4,0
3241,968.2,495.4,0
3242,968.2,495.4,0
3243,968.2,495.4,0
3244,968.2,495.4,0
3245,968.2,495.4,0
3246,968.2,495.4,0
3247,968.2,495.4,0
3248,968.2,495.4,0
3249,968.2,495.4,0
3250,968.2,495.4,0
3251,968.2,495.4,0
3252,968.2,495.4,0
3253,968.2,495.4,0
3254,968.2,495.4,0
3255,968.2,495.4,0
3256,968.2,495.4,0
3257,968.2,495.4,0
3258,968.2,495.4,0
3259,968.2,495.4,0
3260,968.2,495.4,0
3261,968.2,495.4,0
3262,968.2,495.4,0
3263,968.2,495.4,0
3264,968.2,495.4,0
3265,968.2,495.4,0
3266,968.2,495.4,0
3267,968.2,495.4,0
3268,968.2,495.4,0
3269,968.2,495.4,0
3270,968.2,495.4,0
3271,968.2,495.4,0
3272,968.2,495.4,0
3273,968.9,496.1,0
3274,970.7,497.9,0
3275,972.5,499.7,0
3276,974.3,501.5,0
3277,976.1,503.3,0
3278,977.9,505.1,0
3279,979.7,506.9,0
3280,981.5,508.7,0
3281,983.3,510.5,0
3282,985.1,512.3,0
3283,986.9,514.1,0
3284,988.7,515.9,0
3285,990.5,517.7,0
3286,992.3,519.5,0
3287,994.2,521.3,0
3288,996.2,523.3,0
3289,998.2,525.3,0
3290,1000,527.3,0
3291,1002,529.3,0
3292,1004,531.3,0
3293,1006,533.3,0
3294,1008,535.3,0
3295,1010,537.3,0
3296,1012,539.3,0
3297,1014,541.3,0
3298,1016,543.3,0
3299,1018,545.3,0
3300,1020,547.3,0
3301,1022,549.3,0
3302,1024,551.3,0
3303,1026,553.3,0
3304,1028,555.3,0
3305,1030,557.3,0
3306,1032,559.3,0
3307,1034,561.3,0
3308,1036,563.3,0
3309,1038,565.3,0
3310,1040,567.3,0
3311,1042,569.3,0
3312,1044,571.3,0
3313,1046,573.3,0
3314,1048,575.3,0
3315,1050,577.3,0
3316,1052,579.3,0
3317,1054,581.3,0
3318,1056,583.1,0
3319,1058,584.9,0
3320,1059,586.7,0
3321,1061,588.4,0
3322,1063,590.2,0
3323,1065,591.9,0
3324,1067,593.7,0
3325,1068,595.5,0
3326,1070,597.2,0
3327,1072,599,0
3328,1074,600.7,0
3329,1075,602.5,0
3330,1077,604.3,0
3331,1079,606,0
3332,1081,607.8,0
3333,1082,609.5,0
3334,1084,611.3,0
3335,1086,613.1,0
3336,1088,614.8,0
3337,1089,616.6,0
3338,1091,618.3,0
3339,1093,620.1,0
3340,1095,621.9,0
3341,1096,623.6,0
3342,1098,625.4,0
3343,1100,627.1,0
3344,1102,628.9,0
3345,1103,630.7,0
3346,1105,632.2,0
3347,1106,633.5,0
3348,1108,634.8,0
3349,1109,636,0
3350,1110,637.3,0
3351,1111,638.6,0
3352,1113,639.9,0
3353,1114,641.2,0
3354,1115,642.5,0
3355,1117,643.8,0
3356,1118,645,0
3357,1119,646.3,0
3358,1120,647.6,0
3359,1122,648.9,0
3360,1123,650.2,0
3361,1124,651.5,0
3362,1126,652.8,0
3363,1127,654,0
3364,1128,655.3,0
3365,1129,656.6,0
3366,1131,657.9,0
3367,1132,659.2,0
3368,1133,660.5,0
3369,1135,661.8,0
3370,1136,663,0
3371,1137,664.3,0
3372,1138,665.6,0
3373,1140,666.9,0
3374,1141,668.2,0
3375,1142,669.5,0
3376,1144,670.8,0
3377,1144,671.4,0
3378,1144,671.4,0
3379,1144,671.4,0
3380,1144,671.4,0
3381,1144,671.4,0
3382,1144,671.4,0
3383,1144,671.4,0
3384,1144,671.4,0
3385,1144,671.4,0
3386,1144,671.4,0
3387,1144,671.4,0
3388,1144,671.4,0
3389,1144,671.4,0
3390,1144,671.4,0
3391,1144,671.4,0
3392,1144,671.4,0
3393,1144,671.4,0
3394,1144,671.4,0
3395,1144,671.4,0
3396,1144,671.4,0
3397,1144,671.4,0
3398,1144,671.4,0
3399,1144,671.4,0
3400,1144,671.4,0
3401,1144,671.4,0
3402,1144,671.4,0
3403,1144,671.4,0
3404,1144,671.4,0
3405,1144,671.4,0
3406,1144,671.4,0
3407,1144,671.4,0
3408,1144,671.4,0
3409,1144,671.4,0
3410,1144,671.4,0
3411,1144,671.4,0
3412,1144,671.4,0
3413,1144,671.4,0
3414,1144,671.4,0
3415,1144,671.4,0
3416,1144,671.4,0
3417,1144,671.4,0
3418,1144,671.4,0
3419,1144,671.4,0
3420,1144,671.4,0
3421,1144,671.4,0
3422,1144,671.4,0
3423,1144,671.4,0
3424,1144,671.4,0
3425,1144,671.4,0
3426,1144,671.4,0
3427,1144,671.4,0
3428,1144,671.4,0
3429,1144,671.4,0
3430,1144,671.4,0
3431,1144,671.4,0
3432,1144,671.4,0
3433,1144,671.4,0
3434,1144,671.4,0
3435,1144,671.4,0
3436,1144,671.4,0
3437,1144,671.4,0
3438,1144,671.4,0
3439,1144,671.4,0
3440,1144,671.4,0
3441,1144,671.4,0
3442,1144,671.4,0
3443,1144,671.4,0
3444,1144,671.4,0
3445,1144,671.4,0
3446,1144,671.4,0
3447,1144,671.4,0
3448,1144,671.4,0
3449,1144,671.4,0
3450,1144,671.4,0
3451,1144,671.4,0
3452,1144,671.4,0
3453,1144,671.4,0
3454,1144,671.4,0
3455,1144,671.4,0
3456,1144,671.4,0
3457,1144,671.4,0
3458,1144,671.4,0
3459,1144,671.4,0
3460,1144,671.4,0
3461,1144,671.4,0
3462,1144,671.4,0
3463,1144,671.4,0
3464,1144,671.4,0
3465,1144,671.4,0
3466,1144,671.4,0
3467,1144,671.4,0
3468,1144,671.4,0
3469,1144,671.4,0
3470,1144,671.4,0
3471,1144,671.4,0
3472,1144,671.4,0
3473,1144,671.4,0
3474,1144,671.4,0
3475,1144,671.4,0
3476,1144,671.4,0
3477,1144,671.4,0
3478,1144,671.4,0
3479,1144,671.4,0
3480,1144,671.4,0
3481,1144,671.4,0
3482,1144,671.4,0
3483,1144,671.4,0
3484,1144,671.4,0
3485,1144,671.4,0
3486,1144,671.4,0
3487,1144,671.4,0
3488,1144,671.4,0
3489,1144,671.4,0
3490,1144,671.4,0
3491,1144,671.4,0
3492,1144,671.4,0
3493,1144,671.4,0
3494,1144,671.4,0
3495,1144,671.4,0
3496,1144,671.4,0
3497,1144,671.4,0
3498,1144,671.4,0
3499,1144,671.4,0
3500,1144,671.4,0
3501,1144,671.4,0
3502,1144,671.4,0
3503,1144,671.4,0
3504,1144,671.4,0
3505,1144,671.4,0
3506,1144,671.4,0
3507,1144,671.4,0
3508,1144,671.4,0
3509,1144,671.4,0
3510,1144,671.4,0
3511,1144,671.4,0
3512,1144,671.4,0
3513,1144,671.4,0
3514,1144,671.4,0
3515,1144,671.4,0
3516,1144,671.4,0
3517,1144,671.4,0
3518,1144,671.4,0
3519,1144,671.4,0
3520,1144,671.4,0
3521,1144,671.4,0
3522,1144,671.4,0
3523,1144,671.4,0
3524,1144,671.4,0
3525,1144,671.4,0
3526,1144,671.4,0
3527,1144,671.4,0
3528,1144,671.4,0
3529,1144,671.4,0
3530,1144,671.4,0
3531,1144,671.4,0
3532,1144,671.4,0
3533,1144,671.4,0
3534,1144,671.4,0
3535,1144,671.4,0
3536,1144,671.4,0
3537,1144,671.4,0
3538,1144,671.4,0
3539,1144,671.4,0
3540,1144,671.4,0
3541,1144,671.4,0
3542,1144,671.4,0
3543,1144,671.4,0
3544,1144,671.4,0
3545,1144,671.4,0
3546,1144,671.4,0
3547,1144,671.4,0
3548,1144,671.4,0
3549,1144,671.4,0
3550,1144,671.4,0
3551,1144,671.4,0
3552,1144,671.4,0
3553,1144,671.4,0
3554,1144,671.4,0
3555,1144,671.4,0
3556,1144,671.4,0
3557,1144,671.4,0
3558,1144,671.4,0
3559,1144,671.4,0
3560,1144,671.4,0
3561,1144,671.4,0
3562,1144,671.4,0
3563,1144,671.4,0
3564,1144,671.4,0
3565,1144,671.4,0
3566,1144,671.4,0
3567,1144,671.4,0
3568,1144,671.4,0
3569,1144,671.4,0
3570,1144,671.4,0
3571,1144,671.4,0
3572,1144,671.4,0
3573,1144,671.4,0
3574,1144,671.4,0
3575,1144,671.4,0
3576,1144,671.4,0
3577,1144,671.4,0
3578,1144,671.4,0
3579,1144,671.4,0
3580,1144,671.4,0
3581,1144,671.4,0
3582,1144,671.4,0
3583,1144,671.4,0
3584,1144,671.4,0
3585,1144,671.4,0
3586,1144,671.4,0
3587,1144,671.4,0
3588,1144,671.4,0
3589,1144,671.4,0
3590,1144,671.4,0
3591,1144,671.4,0
3592,1144,671.4,0
3593,1144,671.4,0
3594,1144,671.4,0
3595,1144,671.4,0
3596,1144,671.4,0
3597,1144,671.4,0
3598,1144,671.4,0
3599,1144,671.4,0
3600,1144,671.4,0
3601,1144,671.4,0
3602,1144,671.4,0
3603,1144,671.4,0
3604,1144,671.4,0
3605,1144,671.4,0
3606,1144,671.4,0
3607,1144,671.4,0
3608,1144,671.4,0
3609,1144,671.4,0
3610,1144,671.4,0
3611,1144,671.4,0
3612,1144,671.4,0
3613,1144,671.4,0
3614,1144,671.4,0
3615,1144,671.4,0
3616,1144,671.4,0
3617,1144,671.4,0
3618,1144,671.4,0
3619,1144,671.4,0
3620,1144,671.4,0
3621,1144,671.4,0
3622,1144,671.4,0
3623,1144,671.4,0
3624,1144,671.4,0
3625,1144,671.4,0
3626,1144,671.4,0
3627,1144,671.4,0
3628,1144,671.4,0
3629,1144,671.4,0
3630,1144,671.4,0
3631,1144,671.4,0
3632,1144,671.4,0
3633,1144,671.4,0
3634,1144,671.4,0
3635,1144,671.4,0
3636,1144,671.4,0
3637,1144,671.4,0
3638,1145,672.4,0
3639,1147,674.2,0
3640,1149,676,0
3641,1151,677.8,0
3642,1152,679.6,0
3643,1154,681.4,0
3644,1156,683.2,0
3645,1158,685,0
3646,1160,686.8,0
3647,1161,688.5,0
3648,1163,690.3,0
3649,1165,692.1,0
3650,1167,693.9,0
